date,side,conf,adx,vol_20,rsi_14,month,dayofweek,is_trend,trend_align,slope_5d,above_ema50,vol_regime,fwd_ret5,actual_pnl,win
2025-01-02,BUY,0.41,39.8,0.00433,34.4,1,3,True,1,-0.001081,0,mid,-0.00298,-0.00328,False
2025-01-03,BUY,0.715,40.6,0.00462,28.6,1,4,True,1,-0.003734,0,mid,-0.00166,-0.00196,False
2025-01-06,SELL,0.401,38.7,0.00438,33.9,1,0,True,1,-0.003729,0,mid,-0.00516,0.00486,True
2025-01-13,SELL,0.503,36.0,0.00496,33.2,1,0,True,1,-0.003216,0,mid,-0.00238,0.00208,True
2025-01-16,SELL,0.526,32.7,0.00502,40.1,1,3,True,0,0.000562,0,mid,0.00041,-0.00071,False
2025-01-17,SELL,0.494,31.3,0.00401,40.9,1,4,True,0,0.001411,0,low,0.00056,-0.00086,False
2025-01-21,SELL,0.689,27.9,0.00493,54.2,1,1,True,0,0.002033,0,mid,-0.00215,0.00185,True
2025-01-22,SELL,0.632,26.8,0.0049,52.7,1,2,True,0,0.003289,0,mid,-0.00153,0.00123,True
2025-01-23,SELL,0.422,25.5,0.0049,53.1,1,3,True,0,0.003329,0,mid,-0.00036,6e-05,True
2025-01-24,SELL,0.518,25.4,0.0049,53.7,1,4,True,0,0.002568,0,mid,-0.00268,0.00238,True
2025-01-27,SELL,0.576,25.5,0.005,58.5,1,0,True,1,0.000997,1,mid,-0.01438,0.01408,True
2025-01-28,SELL,0.726,24.8,0.00503,55.8,1,1,False,0,0.001301,1,mid,0.00777,-0.00807,False
2025-01-29,SELL,0.642,23.8,0.00501,53.8,1,2,False,0,0.000641,0,mid,0.0044,-0.0047,False
2025-01-30,SELL,0.599,23.0,0.00485,53.4,1,3,False,0,-0.000192,0,mid,0.0027,-0.003,False
2025-01-31,SELL,0.546,21.9,0.0045,49.9,1,4,False,0,-0.001538,0,mid,-0.00145,0.00115,True
2025-02-06,SELL,0.384,18.0,0.00554,51.6,2,3,False,0,0.001277,0,high,0.00261,-0.00291,False
2025-02-07,SELL,0.424,17.2,0.00554,50.2,2,4,False,0,0.003376,0,high,0.00671,-0.00701,False
2025-02-13,SELL,0.822,14.6,0.00576,51.7,2,3,False,0,0.000636,0,high,-0.00262,0.00232,True
2025-02-14,SELL,0.66,14.9,0.00592,57.4,2,4,False,0,0.003768,1,high,0.00763,-0.00793,False
2025-02-17,SELL,0.838,15.2,0.00589,59.4,2,0,False,0,0.004539,1,high,-0.00245,0.00215,True
2025-02-18,SELL,0.785,15.0,0.00505,59.0,2,1,False,0,0.003239,1,mid,-0.00129,0.00099,True
2025-02-19,SELL,0.683,14.4,0.00511,54.9,2,2,False,0,0.001305,1,mid,0.006,-0.0063,False
2025-02-20,SELL,0.695,13.9,0.00514,52.1,2,3,False,0,-0.001168,1,mid,-0.00336,0.00306,True
2025-02-21,SELL,0.702,13.9,0.00542,58.8,2,4,False,0,-0.000398,1,high,-0.00893,0.00863,True
2025-02-24,SELL,0.707,14.2,0.00534,56.1,2,0,False,0,0.000297,1,high,0.0018,-0.0021,False
2025-02-25,SELL,0.565,14.4,0.00533,54.6,2,1,False,0,0.000763,1,mid,0.00684,-0.00714,False
2025-02-26,BUY,0.565,14.7,0.00547,59.8,2,2,False,0,0.001594,1,high,0.01354,0.01324,True
2025-02-27,SELL,0.651,13.8,0.00554,55.9,2,3,False,0,0.000245,1,high,0.0158,-0.0161,False
2025-02-28,SELL,0.369,13.1,0.00588,47.3,2,4,False,0,-0.001261,0,high,-0.00065,0.00035,True
2025-03-04,SELL,0.524,13.7,0.00475,54.9,3,1,False,0,-0.001463,1,mid,-0.00195,0.00165,True
2025-03-05,BUY,0.891,16.0,0.00549,64.0,3,2,False,0,0.003495,1,high,0.0069,0.0066,True
2025-03-06,BUY,0.884,18.5,0.00639,71.3,3,3,False,0,0.009606,1,high,-0.00256,-0.00286,False
2025-03-07,BUY,0.913,21.0,0.00637,70.6,3,4,False,0,0.009962,1,high,-0.00281,-0.00311,False
2025-03-10,BUY,0.86,23.3,0.00608,73.3,3,0,False,0,0.008515,1,high,0.00236,0.00206,True
2025-03-11,BUY,0.763,25.8,0.00611,71.3,3,1,True,1,0.004549,1,high,0.00348,0.00318,True
2025-03-12,BUY,0.636,28.1,0.00614,74.0,3,2,True,1,0.002675,1,high,0.00186,0.00156,True
2025-03-13,BUY,0.513,29.2,0.00625,71.3,3,3,True,1,0.002304,1,high,-0.00252,-0.00282,False
2025-03-14,BUY,0.573,30.4,0.00626,68.3,3,4,True,1,0.00034,1,high,-0.00506,-0.00536,False
2025-03-17,SELL,0.773,31.6,0.00626,69.4,3,0,True,1,0.000232,1,high,-0.00193,0.00163,True
2025-03-18,SELL,0.755,32.9,0.00624,71.1,3,1,True,1,4.6e-05,1,high,-0.00297,0.00267,True
2025-03-19,SELL,0.794,33.6,0.00611,72.0,3,2,True,1,0.00156,1,high,-0.00149,0.00119,True
2025-03-20,SELL,0.742,33.3,0.0061,68.9,3,3,True,1,0.001566,1,high,-0.00421,0.00391,True
2025-03-21,BUY,0.549,32.8,0.00618,63.1,3,4,True,0,-0.000517,1,high,0.00549,0.00519,True
2025-03-24,SELL,0.519,32.0,0.00616,60.9,3,0,True,0,-0.002292,1,high,0.00212,-0.00242,False
2025-03-25,SELL,0.708,31.1,0.00622,57.7,3,1,True,0,-0.003201,1,high,-0.00047,0.00017,True
2025-03-26,BUY,0.574,30.1,0.00616,56.1,3,2,True,0,-0.002786,1,high,-0.00212,-0.00242,False
2025-03-27,SELL,0.759,28.9,0.0062,51.8,3,3,True,0,-0.002569,1,high,0.01044,-0.01074,False
2025-03-28,SELL,0.811,28.1,0.00578,56.5,3,4,True,0,-0.001214,1,high,0.01238,-0.01268,False
2025-03-31,SELL,0.824,27.4,0.00578,58.2,3,0,True,1,0.000502,1,high,-0.00536,0.00506,True
2025-04-01,BUY,0.568,26.7,0.00569,57.7,4,1,True,1,0.00134,1,high,-0.0063,-0.0066,False
2025-04-02,SELL,0.485,26.6,0.00499,55.2,4,2,True,1,0.001165,1,mid,0.00596,-0.00626,False
2025-04-03,SELL,0.549,28.6,0.00423,63.5,4,3,True,1,0.001731,1,mid,-0.00258,0.00228,True
2025-04-04,SELL,0.638,30.5,0.00498,70.6,4,4,True,1,0.004867,1,mid,0.02792,-0.02822,False
2025-04-07,BUY,0.691,31.1,0.005,64.7,4,0,True,1,0.005308,1,mid,0.00758,0.00728,True
2025-04-08,SELL,0.49,31.6,0.00521,58.5,4,1,True,1,0.002878,1,mid,-0.00031,1e-05,True
2025-04-09,BUY,0.572,32.7,0.00515,62.2,4,2,True,1,0.000138,1,mid,-0.00414,-0.00444,False
2025-04-10,BUY,0.525,34.1,0.00515,59.7,4,3,True,0,-0.001708,1,mid,0.00922,0.00892,True
2025-04-11,BUY,0.733,36.3,0.00798,72.4,4,4,True,1,0.005294,1,high,0.01018,0.00988,True
2025-04-14,SELL,0.537,38.3,0.00808,74.8,4,0,True,1,0.010216,1,high,-0.01403,0.01373,True
2025-04-15,BUY,0.838,40.0,0.00809,74.5,4,1,True,1,0.009929,1,high,-0.00211,-0.00241,False
2025-04-16,BUY,0.816,41.6,0.0082,70.6,4,2,True,1,0.00679,1,high,0.00393,0.00363,True
2025-04-17,SELL,0.792,43.1,0.00831,73.9,4,3,True,1,0.002008,1,high,-0.00253,0.00223,True
2025-04-22,SELL,0.949,45.0,0.00831,76.9,4,1,True,1,0.003484,1,high,0.00582,-0.00612,False
2025-04-23,BUY,0.453,45.2,0.00909,65.4,4,2,True,1,0.002138,1,high,-0.00174,-0.00204,False
2025-04-24,SELL,0.949,45.2,0.00906,63.9,4,3,True,1,0.000209,1,high,-0.00565,0.00535,True
2025-04-25,SELL,0.845,45.0,0.00902,65.5,4,4,True,0,-0.002065,1,high,-0.00251,0.00221,True
2025-04-28,SELL,0.868,45.1,0.00896,63.5,4,0,True,0,-0.0028,1,high,0.00237,-0.00267,False
2025-04-29,SELL,0.853,45.2,0.00897,66.1,4,1,True,1,0.001158,1,high,-0.00087,0.00057,True
2025-04-30,SELL,0.95,44.6,0.00902,64.6,4,2,True,1,0.001417,1,high,0.0026,-0.0029,False
2025-05-01,SELL,0.908,43.2,0.00919,60.0,5,3,True,0,-0.000421,1,high,-0.00322,0.00292,True
2025-05-02,SELL,0.947,42.2,0.0092,58.1,5,4,True,0,-0.001564,1,high,-0.00725,0.00695,True
2025-05-05,SELL,0.94,41.3,0.009,59.4,5,0,True,0,-0.002331,1,high,0.00048,-0.00078,False
2025-05-06,SELL,0.826,40.0,0.00867,58.7,5,1,True,0,-0.001354,1,high,-0.01194,0.01164,True
2025-05-07,SELL,0.977,39.0,0.00853,60.3,5,2,True,1,0.000465,1,high,0.00811,-0.00841,False
2025-05-08,SELL,0.908,36.7,0.00841,57.3,5,3,True,1,0.000344,1,high,-0.00032,2e-05,True
2025-05-09,BUY,0.804,34.3,0.00858,51.2,5,4,True,0,-0.001815,1,high,0.00096,0.00066,True
2025-05-12,BUY,0.48,32.9,0.00854,51.5,5,0,True,0,-0.002535,1,high,-0.00046,-0.00076,False
2025-05-13,BUY,0.74,31.7,0.00637,42.9,5,1,True,0,-0.005079,1,high,0.0041,0.0038,True
2025-05-14,BUY,0.69,29.6,0.00641,49.1,5,2,True,0,-0.003301,1,high,0.00485,0.00455,True
2025-05-15,BUY,0.824,27.6,0.00641,48.8,5,3,True,0,-0.001151,1,high,0.00383,0.00353,True
2025-05-16,BUY,0.898,26.2,0.00636,49.6,5,4,True,1,0.000111,1,high,-0.00435,-0.00465,False
2025-05-19,BUY,0.9,24.5,0.00594,49.2,5,0,False,0,0.001711,1,high,0.00806,0.00776,True
2025-05-20,BUY,0.759,23.0,0.00548,52.6,5,1,False,0,0.000905,1,high,0.00138,0.00108,True
2025-05-21,SELL,0.759,22.5,0.00474,56.4,5,2,False,0,0.002254,1,mid,-0.00451,0.00421,True
2025-05-22,SELL,0.953,21.7,0.0048,59.1,5,3,False,0,0.003356,1,mid,-0.00912,0.00882,True
2025-05-23,SELL,0.891,21.3,0.0048,54.9,5,4,False,0,0.002542,1,mid,0.01288,-0.01318,False
2025-05-26,SELL,0.86,21.3,0.00513,60.5,5,0,False,0,0.002413,1,mid,-0.0022,0.0019,True
2025-05-27,SELL,0.836,20.7,0.00496,61.4,5,1,False,0,0.002141,1,mid,0.00882,-0.00912,False
2025-05-28,SELL,0.566,19.7,0.00505,56.9,5,2,False,0,0.001044,1,mid,-0.00602,0.00572,True
2025-05-30,SELL,0.585,17.2,0.00604,57.8,5,4,False,0,-0.001267,1,high,0.00278,-0.00308,False
2025-06-02,BUY,0.681,16.8,0.00605,56.0,6,0,False,0,-0.000256,1,high,-0.00402,-0.00432,False
2025-06-03,BUY,0.886,16.6,0.00634,61.2,6,1,False,0,0.003104,1,high,0.00177,0.00147,True
2025-06-04,BUY,0.814,16.2,0.00649,56.3,6,2,False,0,0.003315,1,high,0.00082,0.00052,True
2025-06-05,BUY,0.676,16.5,0.00648,58.2,6,3,False,0,0.001039,1,high,0.00628,0.00598,True
2025-06-06,BUY,0.656,16.3,0.00623,59.9,6,4,False,0,0.001486,1,high,0.0079,0.0076,True
2025-06-09,BUY,0.56,16.0,0.00633,56.4,6,0,False,0,-0.000191,1,high,-0.00376,-0.00406,False
2025-06-10,SELL,0.65,15.7,0.00557,57.6,6,1,False,0,0.000639,1,high,-0.00046,0.00016,True
2025-06-11,SELL,0.485,16.0,0.00535,58.1,6,2,False,0,4.4e-05,1,high,-0.00595,0.00565,True
2025-06-12,BUY,0.611,17.5,0.00546,62.3,6,3,False,0,0.001228,1,high,-0.00045,-0.00075,False
2025-06-13,SELL,0.602,18.7,0.00564,66.7,6,4,False,0,0.004061,1,high,0.00307,-0.00337,False
2025-06-16,BUY,0.713,19.8,0.00576,62.9,6,0,False,0,0.003651,1,high,-0.00104,-0.00134,False
2025-06-17,BUY,0.567,20.7,0.00575,62.4,6,1,False,0,0.002386,1,high,0.00854,0.00824,True
2025-06-18,BUY,0.565,20.9,0.00591,56.5,6,2,False,0,-0.000886,1,high,0.00114,0.00084,True
2025-06-19,SELL,0.528,20.5,0.00588,56.1,6,3,False,0,-0.002771,1,high,0.00616,-0.00646,False
2025-06-20,BUY,0.498,20.8,0.00578,58.4,6,4,False,0,-0.001404,1,high,0.00072,0.00042,True
2025-06-23,BUY,0.579,20.5,0.00555,57.3,6,0,False,0,-0.000616,1,high,0.00301,0.00271,True
2025-06-24,SELL,0.877,21.0,0.00583,63.4,6,1,False,0,0.002225,1,high,0.00509,-0.00539,False
2025-06-25,SELL,0.693,21.6,0.00568,64.2,6,2,False,0,0.003083,1,high,0.00156,-0.00186,False
2025-06-26,BUY,0.561,23.0,0.00523,68.0,6,3,False,0,0.003914,1,mid,-0.00045,-0.00075,False
2025-06-27,SELL,0.634,24.4,0.00456,68.4,6,4,False,0,0.004023,1,mid,-0.00244,0.00214,True
2025-06-30,BUY,0.492,25.8,0.00449,70.2,6,0,True,1,0.002888,1,mid,0.00079,0.00049,True
2025-07-01,SELL,0.897,27.5,0.00425,73.0,7,1,True,1,0.003364,1,mid,-0.00376,0.00346,True
2025-07-02,SELL,0.968,28.8,0.00387,73.8,7,2,True,1,0.002884,1,low,-0.00102,0.00072,True
2025-07-03,SELL,0.748,29.4,0.00388,73.1,7,3,True,1,0.002501,1,low,0.00056,-0.00086,False
2025-07-04,SELL,0.67,30.0,0.00398,69.4,7,4,True,1,0.000859,1,low,-0.00242,0.00212,True
2025-07-07,SELL,0.679,29.9,0.00377,69.9,7,0,True,0,-0.000397,1,low,-0.00176,0.00146,True
2025-07-08,SELL,0.785,29.1,0.00396,64.1,7,1,True,0,-0.001337,1,low,-0.00135,0.00105,True
2025-07-09,SELL,0.716,28.5,0.00399,62.6,7,2,True,0,-0.001584,1,low,-0.00505,0.00475,True
2025-07-10,SELL,0.75,27.6,0.00382,63.1,7,3,True,0,-0.001165,1,low,0.00244,-0.00274,False
2025-07-11,SELL,0.691,26.9,0.00351,59.4,7,4,True,0,-0.001376,1,low,-0.00174,0.00144,True
2025-07-14,SELL,0.775,26.0,0.00342,56.7,7,0,True,0,-0.001115,1,low,0.00131,-0.00161,False
2025-07-15,SELL,0.931,24.2,0.00343,54.7,7,1,False,0,-0.001415,1,low,0.00548,-0.00578,False
2025-07-16,SELL,0.73,22.6,0.00335,47.9,7,2,False,0,-0.002432,1,low,0.00382,-0.00412,False
2025-07-17,BUY,0.576,21.2,0.00337,51.0,7,3,False,0,-0.00179,1,low,0.00299,0.00269,True
2025-07-18,BUY,0.709,20.0,0.00336,48.8,7,4,False,0,-0.001407,1,low,-0.00154,-0.00184,False
2025-07-21,BUY,0.582,19.7,0.00335,50.5,7,0,False,0,-0.000542,1,low,6e-05,-0.00024,False
2025-07-22,BUY,0.606,19.8,0.00302,57.3,7,1,False,0,0.001455,1,low,-0.01361,-0.01391,False
2025-07-23,SELL,0.684,19.9,0.00311,61.2,7,2,False,0,0.002451,1,low,-0.00395,0.00365,True
2025-07-24,SELL,0.797,20.5,0.00288,64.1,7,3,False,0,0.003644,1,low,-0.01053,0.01023,True
2025-07-25,SELL,0.605,20.5,0.00291,61.6,7,4,False,0,0.00282,1,low,-0.00049,0.00019,True
2025-07-28,SELL,0.885,19.1,0.00284,61.6,7,0,False,0,0.001205,1,low,0.01426,-0.01456,False
2025-07-31,BUY,0.944,20.3,0.00451,32.9,7,3,False,0,-0.007397,0,mid,0.00725,0.00695,True
2025-08-01,BUY,0.843,19.6,0.00451,32.6,8,4,False,0,-0.007216,0,mid,0.00116,0.00086,True
2025-08-04,BUY,0.891,18.8,0.00572,47.7,8,0,False,0,-0.001279,1,high,-0.00246,-0.00276,False
2025-08-05,BUY,0.735,18.3,0.00567,47.5,8,1,False,0,0.001943,1,high,-0.00253,-0.00283,False
2025-08-06,BUY,0.649,17.1,0.00567,47.2,8,2,False,0,0.003993,1,high,0.00504,0.00474,True
2025-08-07,BUY,0.61,16.3,0.00594,53.8,8,3,False,0,0.004075,1,high,0.00307,0.00277,True
2025-08-08,SELL,0.734,15.6,0.00592,54.7,8,4,False,0,0.002229,1,high,-0.00525,0.00495,True
2025-08-11,BUY,0.582,14.5,0.00594,52.2,8,0,False,0,0.001936,1,high,0.00474,0.00444,True
2025-08-12,SELL,0.534,13.7,0.00595,49.7,8,1,False,0,0.000544,1,high,-0.00327,0.00297,True
2025-08-13,BUY,0.498,13.3,0.00595,54.4,8,2,False,0,-0.000261,1,high,-0.00221,-0.00251,False
2025-08-14,BUY,0.597,12.5,0.00596,57.1,8,3,False,0,0.000871,1,high,0.00079,0.00049,True
2025-08-15,SELL,0.723,11.8,0.00608,51.5,8,4,False,0,0.000868,1,high,-0.00332,0.00302,True
2025-08-18,SELL,0.548,11.1,0.00616,55.7,8,0,False,0,0.00129,1,high,0.00831,-0.00861,False
2025-08-19,SELL,0.546,10.4,0.00608,52.3,8,1,False,0,-0.000203,1,high,-0.00778,0.00748,True
2025-08-20,SELL,0.705,10.1,0.00603,50.1,8,2,False,0,-0.00106,1,high,0.0018,-0.0021,False
2025-08-21,BUY,0.533,10.2,0.00598,50.9,8,3,False,0,-0.000542,1,high,0.00073,0.00043,True
2025-08-22,SELL,0.53,9.5,0.00601,47.5,8,4,False,0,-0.001747,1,high,0.00289,-0.00319,False
2025-08-25,SELL,0.889,8.9,0.00634,55.5,8,0,False,0,0.000455,1,high,0.00088,-0.00118,False
2025-08-26,SELL,0.533,9.2,0.0058,48.1,8,1,False,0,8.3e-05,1,high,0.00206,-0.00236,False
2025-08-27,SELL,0.545,9.8,0.00573,49.7,8,2,False,0,-0.000166,1,high,-0.00682,0.00652,True
2025-08-28,SELL,0.705,9.5,0.00512,50.4,8,3,False,0,-3e-06,1,mid,0.0021,-0.0024,False
2025-08-29,SELL,0.559,9.0,0.00512,53.2,8,4,False,0,-0.000228,1,mid,-0.0003,0.0,True
2025-09-01,SELL,0.651,8.6,0.00409,54.0,9,0,False,0,0.00162,1,mid,0.00483,-0.00513,False
2025-09-02,SELL,0.767,8.8,0.0041,56.0,9,1,False,0,0.001686,1,mid,0.00478,-0.00508,False
2025-09-03,BUY,0.489,9.1,0.00442,48.5,9,2,False,0,9e-05,1,mid,-0.00564,-0.00594,False
2025-09-04,SELL,0.477,9.3,0.00413,50.7,9,3,False,0,-0.000839,1,mid,6e-05,-0.00036,False
2025-09-05,BUY,0.653,9.2,0.00412,50.3,9,4,False,0,-0.001073,1,mid,0.00268,0.00238,True
2025-09-08,SELL,0.645,9.1,0.00422,55.4,9,0,False,0,0.000132,1,mid,-0.0007,0.0004,True
2025-09-09,SELL,0.879,9.4,0.00428,59.7,9,1,False,0,0.002729,1,mid,0.00318,-0.00348,False
2025-09-10,SELL,0.673,9.1,0.00437,53.1,9,2,False,0,0.001682,1,mid,0.00915,-0.00945,False
2025-09-11,SELL,0.773,8.8,0.00431,53.2,9,3,False,0,0.000706,1,mid,-0.0038,0.0035,True
2025-09-12,SELL,0.702,8.5,0.00417,55.8,9,4,False,0,-0.000192,1,mid,-0.00298,0.00268,True
2025-09-15,SELL,0.558,8.7,0.00404,54.9,9,0,False,0,-0.000454,1,mid,-0.00459,0.00429,True
2025-09-16,SELL,0.553,9.9,0.00402,58.2,9,1,False,0,0.001237,1,mid,0.00546,-0.00576,False
2025-09-17,SELL,0.904,11.2,0.00441,65.9,9,2,False,0,0.003103,1,mid,0.00113,-0.00143,False
2025-09-18,SELL,0.886,11.0,0.00454,60.8,9,3,False,0,0.002784,1,mid,-0.00591,0.00561,True
2025-09-19,SELL,0.561,10.4,0.00452,57.2,9,4,False,0,0.001626,1,mid,-0.00697,0.00667,True
2025-09-22,SELL,0.674,9.9,0.00431,52.0,9,0,False,0,-0.001135,1,mid,0.0039,-0.0042,False
2025-09-23,SELL,0.727,9.9,0.00404,57.0,9,1,False,0,-0.001949,1,mid,0.00198,-0.00228,False
2025-09-24,SELL,0.776,9.3,0.00403,57.9,9,2,False,0,-0.000116,1,mid,0.00038,-0.00068,False
2025-09-25,SELL,0.551,9.6,0.0043,51.4,9,3,False,0,-0.00013,1,mid,-0.00015,-0.00015,False
2025-09-30,SELL,0.755,9.1,0.00464,50.7,9,1,False,0,-0.001726,1,mid,-0.00019,-0.00011,False
2025-10-01,SELL,0.728,8.6,0.00434,51.0,10,2,False,0,0.000436,1,mid,-0.00476,0.00446,True
2025-10-02,SELL,0.67,8.3,0.00433,50.9,10,3,False,0,0.001453,1,mid,-0.00194,0.00164,True
2025-10-03,SELL,0.657,8.1,0.00433,50.0,10,4,False,0,0.00031,1,mid,-0.00563,0.00533,True
2025-10-06,SELL,0.579,8.8,0.00421,48.7,10,0,False,0,-0.000415,1,mid,0.00311,-0.00341,False
2025-10-07,SELL,0.734,9.5,0.00405,48.5,10,1,False,0,-0.00062,1,mid,-0.00307,0.00277,True
2025-10-08,SELL,0.764,10.8,0.004,42.9,10,2,False,0,-0.001484,0,low,0.00306,-0.00336,False
2025-10-09,SELL,0.836,12.6,0.00401,40.8,10,3,False,0,-0.002089,0,low,0.0038,-0.0041,False
2025-10-10,SELL,0.543,14.3,0.00412,35.5,10,4,False,0,-0.003178,0,mid,0.00457,-0.00487,False
2025-10-14,BUY,0.81,17.5,0.00415,37.3,10,1,False,0,-0.001767,0,mid,-0.00112,-0.00142,False
2025-10-15,SELL,0.612,18.0,0.00356,41.7,10,2,False,0,-0.000509,0,low,-0.00378,0.00348,True
2025-10-16,BUY,0.54,17.8,0.00366,46.7,10,3,False,0,0.001376,0,low,0.0007,0.0004,True
2025-10-17,SELL,0.58,16.6,0.00381,52.1,10,4,False,0,0.002356,1,low,0.00082,-0.00112,False
2025-10-20,BUY,0.506,15.8,0.00376,48.0,10,0,False,0,0.002394,0,low,0.00117,0.00087,True
2025-10-21,BUY,0.849,15.8,0.0035,46.7,10,1,False,0,0.000819,0,low,0.00172,0.00142,True
2025-10-22,SELL,0.702,16.0,0.00354,42.7,10,2,False,0,-0.001262,0,low,0.00052,-0.00082,False
2025-10-23,BUY,0.524,16.2,0.00336,43.7,10,3,False,0,-0.002056,0,low,-0.00468,-0.00498,False
2025-10-24,SELL,0.635,15.7,0.00301,44.9,10,4,False,0,-0.000987,0,low,-0.00266,0.00236,True
2025-10-27,SELL,0.52,15.3,0.00287,46.6,10,0,False,0,-6.7e-05,0,low,-0.00384,0.00354,True
2025-10-28,SELL,0.84,14.4,0.00286,49.1,10,1,False,0,0.001084,0,low,-0.00077,0.00047,True
2025-10-29,SELL,0.732,13.8,0.00286,49.8,10,2,False,0,0.001139,0,low,-0.00292,0.00262,True
2025-10-30,SELL,0.516,14.5,0.00302,43.5,10,3,False,0,-2.8e-05,0,low,0.00098,-0.00128,False
2025-10-31,SELL,0.522,15.5,0.00306,40.4,10,4,False,0,-0.001435,0,low,0.00456,-0.00486,False
2025-11-03,BUY,0.859,16.6,0.00314,36.4,11,0,False,0,-0.002868,0,low,-0.00046,-0.00076,False
2025-11-04,SELL,0.498,18.1,0.00314,35.6,11,1,False,0,-0.003047,0,low,0.00116,-0.00146,False
2025-11-05,BUY,0.546,19.6,0.00304,32.8,11,2,False,0,-0.002503,0,low,0.00262,0.00232,True
2025-11-06,SELL,0.798,19.7,0.00305,34.7,11,3,False,0,-0.001683,0,low,0.00041,-0.00071,False
2025-11-07,BUY,0.497,18.8,0.00301,42.6,11,4,False,0,0.000173,0,low,0.00343,0.00313,True
2025-11-10,SELL,0.546,18.0,0.00292,42.1,11,0,False,0,0.000982,0,low,-0.00143,0.00113,True
2025-11-11,SELL,0.675,16.7,0.00286,44.1,11,1,False,0,0.001652,0,low,-0.00213,0.00183,True
2025-11-12,SELL,0.54,15.5,0.00283,48.4,11,2,False,0,0.001641,0,low,-0.00081,0.00051,True
2025-11-13,SELL,0.721,15.4,0.00269,49.0,11,3,False,0,0.00112,0,low,-0.0035,0.0032,True
2025-11-14,BUY,0.627,15.4,0.00259,54.4,11,4,False,0,0.001823,1,low,-0.00053,-0.00083,False
2025-11-17,BUY,0.601,14.8,0.00249,51.9,11,0,False,0,0.001386,0,low,-0.00234,-0.00264,False
2025-11-18,BUY,0.613,14.0,0.00252,48.4,11,1,False,0,0.000253,0,low,0.00108,0.00078,True
2025-11-19,BUY,0.673,13.5,0.00238,47.1,11,2,False,0,-0.000547,0,low,0.00389,0.00359,True
2025-11-20,BUY,0.723,13.6,0.00249,41.9,11,3,False,0,-0.00187,0,low,0.00323,0.00293,True
2025-11-21,BUY,0.632,14.0,0.00248,41.2,11,4,False,0,-0.001827,0,low,-0.0002,-0.0005,False
2025-11-24,SELL,0.69,14.4,0.00249,38.0,11,0,False,0,-0.00184,0,low,0.00014,-0.00044,False
2025-11-25,SELL,0.567,13.8,0.00246,40.3,11,1,False,0,-0.001346,0,low,0.00053,-0.00083,False
2025-11-26,BUY,0.515,12.9,0.00265,47.8,11,2,False,0,0.000293,0,low,0.00174,0.00144,True
2025-11-27,BUY,0.598,12.2,0.00256,53.1,11,3,False,0,0.001666,0,low,0.00335,0.00305,True
2025-11-28,BUY,0.5,11.6,0.00249,52.7,11,4,False,0,0.002306,0,low,-0.00206,-0.00236,False
2025-12-01,BUY,0.707,11.5,0.00231,52.9,12,0,False,0,0.001708,0,low,-0.00022,-0.00052,False
2025-12-02,BUY,0.554,11.5,0.00229,53.9,12,1,False,0,0.000733,1,low,0.0001,-0.0002,False
2025-12-03,SELL,0.605,12.5,0.00217,57.0,12,2,False,0,0.000511,1,low,-0.00113,0.00083,True
2025-12-04,SELL,0.803,13.4,0.00226,62.2,12,3,False,0,0.00138,1,low,0.00627,-0.00657,False
2025-12-05,SELL,0.749,13.6,0.00215,57.6,12,4,False,0,0.00122,1,low,0.00326,-0.00356,False
2025-12-08,SELL,0.598,13.6,0.00215,57.1,12,0,False,0,0.000688,1,low,-0.00015,-0.00015,False
2025-12-09,SELL,0.579,13.5,0.00214,57.2,12,1,False,0,4e-06,1,low,0.00145,-0.00175,False
2025-12-10,BUY,0.511,13.4,0.00209,54.5,12,2,False,0,-0.000673,1,low,-0.00043,-0.00073,False
2025-12-11,BUY,0.538,15.1,0.0025,64.6,12,3,False,0,0.000901,1,low,-0.00061,-0.00091,False
2025-12-12,SELL,0.741,16.8,0.00249,68.6,12,4,False,0,0.002213,1,low,-0.00142,0.00112,True
2025-12-15,SELL,0.711,18.6,0.00245,68.2,12,0,False,0,0.002596,1,low,-0.0015,0.0012,True
2025-12-16,SELL,0.691,20.7,0.00238,69.9,12,1,False,0,0.002467,1,low,0.00494,-0.00524,False
2025-12-17,SELL,0.72,21.4,0.00237,68.7,12,2,False,0,0.000952,1,low,0.00251,-0.00281,False
2025-12-18,SELL,0.694,22.1,0.00218,67.0,12,3,False,0,0.00015,1,low,-0.00086,0.00056,True
2025-12-19,SELL,0.797,22.5,0.00222,63.0,12,4,False,0,-0.000309,1,low,-0.00107,0.00077,True
2025-12-22,SELL,0.896,23.4,0.00216,59.0,12,0,False,0,-0.000996,1,low,1e-05,-0.00031,False
2025-12-23,SELL,0.83,24.6,0.00235,66.5,12,1,False,0,-1.1e-05,1,low,-0.00217,0.00187,True
2025-12-24,SELL,0.899,25.9,0.00228,69.6,12,2,True,1,0.001248,1,low,0.00027,-0.00057,False
2025-12-26,SELL,0.805,26.6,0.00225,67.3,12,4,True,1,0.001759,1,low,-0.0039,0.0036,True
2025-12-29,SELL,0.76,27.1,0.00228,64.5,12,0,True,1,0.001264,1,low,0.00088,-0.00118,False
2025-12-30,SELL,0.82,27.2,0.00228,64.5,12,1,True,0,-7.6e-05,1,low,-0.00228,0.00198,True
2025-12-31,SELL,0.758,26.5,0.00237,58.7,12,2,True,0,-0.000925,1,low,-0.00098,0.00068,True
2026-01-02,SELL,0.656,25.8,0.00236,59.2,1,4,True,0,-0.000809,1,low,-0.00162,0.00132,True
2026-01-05,SELL,0.821,24.2,0.00246,49.9,1,0,False,0,-0.001349,1,low,-0.00293,0.00263,True
2026-01-06,SELL,0.643,22.9,0.0024,51.8,1,1,False,0,-0.00135,1,low,0.00372,-0.00402,False
2026-01-07,SELL,0.519,21.4,0.00247,47.0,1,2,False,0,-0.00131,1,low,-0.0021,0.0018,True
2026-01-08,BUY,0.597,20.2,0.00248,45.1,1,3,False,0,-0.001399,0,low,0.00033,3e-05,True
2026-01-09,BUY,0.501,19.9,0.0025,42.0,1,4,False,0,-0.001127,0,low,-0.0032,-0.0035,False
2026-01-12,BUY,0.524,18.6,0.00213,37.1,1,0,False,0,-0.001824,0,low,0.00137,0.00107,True
2026-01-13,SELL,0.558,17.4,0.00217,45.7,1,1,False,0,-0.00082,0,low,0.00122,-0.00152,False
2026-01-14,BUY,0.519,16.2,0.00221,42.2,1,2,False,0,-0.00051,0,low,0.00762,0.00732,True
2026-01-15,SELL,0.608,16.2,0.00217,42.9,1,3,False,0,-3.7e-05,0,low,-0.00468,0.00438,True
2026-01-16,BUY,0.861,16.3,0.00226,37.9,1,4,False,0,-0.00043,0,low,0.00699,0.00669,True
2026-01-19,BUY,0.565,15.8,0.0023,41.1,1,0,False,0,-0.001011,0,low,0.00883,0.00853,True
2026-01-20,SELL,0.7,16.0,0.00232,43.9,1,1,False,0,-0.000242,0,low,0.00152,-0.00182,False
2026-01-21,SELL,0.637,16.3,0.00291,57.4,1,2,False,0,0.001659,1,low,0.01189,-0.01219,False
2026-01-22,SELL,0.756,16.1,0.00286,49.5,1,3,False,0,0.001981,1,low,-0.00332,0.00302,True
2026-01-23,SELL,0.804,16.4,0.00325,58.6,1,4,False,0,0.002509,1,low,-0.00101,0.00071,True
2026-01-26,SELL,0.624,18.2,0.00381,66.9,1,0,False,0,0.003967,1,low,-0.00974,0.00944,True
2026-01-27,SELL,0.606,20.6,0.00381,68.1,1,1,False,0,0.004098,1,low,-0.00426,0.00396,True
2026-01-28,BUY,0.585,23.1,0.00458,75.5,1,2,False,0,0.006854,1,mid,0.00148,0.00118,True
2026-01-29,SELL,0.5,25.1,0.00463,70.5,1,3,True,1,0.00509,1,mid,-0.00123,0.00093,True
2026-01-30,BUY,0.6,26.2,0.00465,69.0,1,4,True,1,0.002645,1,mid,-0.00201,-0.00231,False
2026-02-02,SELL,0.49,25.6,0.00513,56.6,2,0,True,0,-0.000892,1,mid,0.00407,-0.00437,False
2026-02-03,SELL,0.703,24.9,0.00524,52.2,2,1,False,0,-0.004751,1,mid,0.00662,-0.00692,False
2026-02-04,SELL,0.566,24.4,0.00521,53.6,2,2,False,0,-0.004126,1,mid,-0.00121,0.00091,True
2026-02-05,SELL,0.631,23.8,0.00521,52.3,2,3,False,0,-0.003049,1,mid,-0.00114,0.00084,True
2026-02-06,SELL,0.715,23.0,0.00522,50.1,2,4,False,0,-0.001183,1,mid,-0.00064,0.00034,True
2026-02-09,SELL,0.618,23.5,0.00521,54.2,2,0,False,0,0.000134,1,mid,-8e-05,-0.00022,False
2026-02-10,SELL,0.689,24.0,0.00534,60.0,2,1,False,0,0.001691,1,high,-0.00148,0.00118,True
2026-02-11,SELL,0.641,23.5,0.00531,58.5,2,2,False,0,0.002552,1,mid,0.00017,-0.00047,False
2026-02-12,BUY,0.583,23.0,0.00533,57.1,2,3,False,0,0.002195,1,high,-0.00532,-0.00562,False
2026-02-13,BUY,0.608,22.5,0.00526,56.3,2,4,False,0,0.000483,1,mid,-0.00167,-0.00197,False
2026-02-16,SELL,0.72,22.0,0.00526,56.2,2,0,False,0,-0.000794,1,mid,0.00557,-0.00587,False
2026-02-17,SELL,0.785,20.7,0.00529,54.1,2,1,False,0,-0.000742,1,mid,-0.00346,0.00316,True
2026-02-18,SELL,0.909,19.5,0.00505,54.3,2,2,False,0,-0.000565,1,mid,-0.00158,0.00128,True
2026-02-19,SELL,0.766,19.0,0.00509,47.1,2,3,False,0,-0.001476,1,mid,0.00339,-0.00369,False
2026-02-23,SELL,0.709,17.5,0.00461,52.4,2,0,False,0,-0.000956,1,mid,-0.00369,0.00339,True
2026-02-24,SELL,0.601,16.7,0.00465,48.1,2,1,False,0,-0.000594,1,mid,-0.00529,0.00499,True
2026-02-25,SELL,0.68,15.7,0.00366,46.2,2,2,False,0,-2.1e-05,0,low,-0.00727,0.00697,True
2026-02-26,SELL,0.513,14.8,0.00374,50.6,2,3,False,0,0.000276,1,low,0.00201,-0.00231,False
2026-02-27,SELL,0.697,14.0,0.00374,49.3,2,4,False,0,-0.000357,1,low,-0.00237,0.00207,True
2026-03-02,BUY,0.72,14.8,0.00318,44.8,3,0,False,0,-0.000348,0,low,-0.00731,-0.00761,False
2026-03-03,BUY,0.784,17.0,0.00325,39.2,3,1,False,0,-0.001798,0,low,0.00816,0.00786,True
2026-03-04,SELL,0.692,18.9,0.00355,33.2,3,2,False,0,-0.004359,0,low,-0.00051,0.00021,True
2026-03-05,BUY,0.651,20.9,0.00361,36.1,3,3,False,0,-0.004119,0,low,-0.00586,-0.00616,False
2026-03-06,BUY,0.923,22.9,0.00362,34.2,3,4,False,0,-0.003125,0,low,-0.00187,-0.00217,False
2026-03-09,BUY,0.975,25.0,0.00372,29.1,3,0,False,0,-0.003032,0,low,-0.00751,-0.00781,False
2026-03-10,BUY,0.738,25.4,0.0039,39.8,3,1,True,1,-0.000883,0,low,0.00563,0.00533,True
2026-03-11,SELL,0.809,26.3,0.0039,39.4,3,2,True,1,-0.00034,0,low,0.00347,-0.00377,False
2026-03-12,BUY,0.742,27.5,0.00404,35.0,3,3,True,1,-0.00036,0,mid,-0.0065,-0.0068,False
2026-03-13,BUY,0.858,29.2,0.00404,33.7,3,4,True,1,-0.000668,0,mid,0.00986,0.00956,True
